reading_id,event_id,camera_id,coordinates
1,423132,1123101,"[[508 578]
 [760 578]
 [760 635]
 [508 635]]"
2,423132,1123101,"[[518 579]
 [758 589]
 [756 635]
 [516 625]]"
3,423132,1123101,"[[549 588]
 [747 588]
 [747 628]
 [549 628]]"
4,423133,1123103,"[[613 594]
 [835 594]
 [835 642]
 [613 642]]"
5,423133,1123103,"[[613 598]
 [828 602]
 [828 643]
 [613 639]]"
6,423133,1123103,"[[644 606]
 [819 606]
 [819 637]
 [644 637]]"
7,423134,1123102,"[[505 579]
 [735 579]
 [735 627]
 [505 627]]"
8,423134,1123102,"[[507 583]
 [726 586]
 [728 628]
 [508 625]]"
9,423134,1123102,"[[537 590]
 [721 590]
 [721 622]
 [537 622]]"
10,423253,1123101,"[[403 569]
 [598 569]
 [598 624]
 [403 624]]"
11,423253,1123101,"[[386 568]
 [596 587]
 [595 625]
 [385 606]]"
12,423253,1123101,"[[416 578]
 [588 578]
 [588 617]
 [416 617]]"
13,423254,1123103,"[[598 582]
 [816 582]
 [816 632]
 [598 632]]"
14,423254,1123103,"[[582 587]
 [811 584]
 [812 629]
 [584 632]]"
15,423254,1123103,"[[618 590]
 [805 590]
 [805 624]
 [618 624]]"
16,423255,1123102,"[[514 574]
 [742 574]
 [742 626]
 [514 626]]"
17,423255,1123102,"[[497 580]
 [738 576]
 [739 622]
 [498 627]]"
18,423255,1123102,"[[536 583]
 [731 583]
 [731 619]
 [536 619]]"
19,423567,1123101,"[[506 572]
 [771 572]
 [771 630]
 [506 630]]"
20,423567,1123101,"[[516 574]
 [768 582]
 [767 630]
 [514 621]]"
21,423567,1123101,"[[550 582]
 [758 582]
 [758 622]
 [550 622]]"
22,423568,1123103,"[[692 581]
 [926 581]
 [926 630]
 [692 630]]"
23,423568,1123103,"[[698 587]
 [926 583]
 [928 626]
 [700 630]]"
24,423568,1123103,"[[734 589]
 [916 589]
 [916 623]
 [734 623]]"
25,423569,1123102,"[[622 584]
 [869 584]
 [869 638]
 [622 638]]"
26,423569,1123102,"[[630 593]
 [868 586]
 [870 630]
 [631 638]]"
27,423569,1123102,"[[666 592]
 [858 592]
 [858 630]
 [666 630]]"
28,424130,1123101,"[[586 538]
 [784 538]
 [784 584]
 [586 584]]"
29,424130,1123101,"[[590 539]
 [780 547]
 [778 585]
 [588 576]]"
30,424130,1123101,"[[618 546]
 [773 546]
 [773 578]
 [618 578]]"
31,424131,1123103,"[[680 291]
 [835 291]
 [835 328]
 [680 328]]"
32,424131,1123103,"[[680 294]
 [830 297]
 [831 328]
 [681 324]]"
33,424131,1123103,"[[705 299]
 [823 299]
 [823 322]
 [705 322]]"
34,424132,1123102,"[[638 590]
 [879 590]
 [879 638]
 [638 638]]"
35,424132,1123102,"[[639 595]
 [876 592]
 [877 636]
 [640 639]]"
36,424132,1123102,"[[677 598]
 [865 598]
 [865 632]
 [677 632]]"
37,424023,1123101,"[[473 556]
 [682 556]
 [682 608]
 [473 608]]"
38,424023,1123101,"[[473 557]
 [680 570]
 [679 609]
 [471 595]]"
39,424023,1123101,"[[502 566]
 [671 566]
 [671 602]
 [502 602]]"
40,424024,1123103,"[[449 524]
 [657 524]
 [657 564]
 [449 564]]"
41,424024,1123103,"[[445 525]
 [655 528]
 [657 566]
 [447 563]]"
42,424024,1123103,"[[480 530]
 [648 530]
 [648 561]
 [480 561]]"
43,424025,1123102,"[[377 559]
 [607 559]
 [607 600]
 [377 600]]"
44,424025,1123102,"[[377 561]
 [602 561]
 [604 601]
 [378 602]]"
45,424025,1123102,"[[413 565]
 [597 565]
 [597 596]
 [413 596]]"
46,423495,1123101,"[[562 568]
 [780 568]
 [780 619]
 [562 619]]"
47,423495,1123101,"[[569 569]
 [774 579]
 [772 619]
 [567 609]]"
48,423495,1123101,"[[599 578]
 [764 578]
 [764 612]
 [599 612]]"
49,423497,1123103,"[[760 572]
 [983 572]
 [983 620]
 [760 620]]"
50,423497,1123103,"[[763 579]
 [977 575]
 [979 615]
 [764 619]]"
51,423497,1123103,"[[800 581]
 [969 581]
 [969 612]
 [800 612]]"
52,423498,1123102,"[[682 580]
 [918 580]
 [918 629]
 [682 629]]"
53,423498,1123102,"[[685 587]
 [913 582]
 [913 624]
 [686 629]]"
54,423498,1123102,"[[722 588]
 [903 588]
 [903 622]
 [722 622]]"
55,424472,1123101,"[[514 268]
 [668 268]
 [668 309]
 [514 309]]"
56,424472,1123101,"[[498 267]
 [666 277]
 [664 309]
 [495 299]]"
57,424472,1123101,"[[523 274]
 [657 274]
 [657 304]
 [523 304]]"
58,424473,1123103,"[[557 504]
 [748 504]
 [748 547]
 [557 547]]"
59,424473,1123103,"[[535 505]
 [743 508]
 [742 547]
 [535 544]]"
60,424473,1123103,"[[569 512]
 [733 512]
 [733 542]
 [569 542]]"
61,424474,1123102,"[[493 582]
 [714 582]
 [714 629]
 [493 629]]"
62,424474,1123102,"[[466 585]
 [711 585]
 [710 629]
 [466 629]]"
63,424474,1123102,"[[507 590]
 [698 590]
 [698 624]
 [507 624]]"
64,423202,1123101,"[[631 581]
 [854 581]
 [854 635]
 [631 635]]"
65,423202,1123101,"[[617 582]
 [848 589]
 [846 634]
 [615 627]]"
66,423202,1123101,"[[649 590]
 [839 590]
 [839 628]
 [649 628]]"
67,423203,1123103,"[[560 549]
 [762 549]
 [762 597]
 [560 597]]"
68,423203,1123103,"[[543 553]
 [757 552]
 [757 595]
 [543 596]]"
69,423203,1123103,"[[576 558]
 [749 558]
 [749 589]
 [576 589]]"
70,423204,1123102,"[[485 562]
 [704 562]
 [704 613]
 [485 613]]"
71,423204,1123102,"[[467 567]
 [695 565]
 [697 610]
 [469 612]]"
72,423204,1123102,"[[503 571]
 [688 571]
 [688 605]
 [503 605]]"
73,424452,1123101,"[[591 570]
 [851 570]
 [851 630]
 [591 630]]"
74,424452,1123101,"[[599 571]
 [848 582]
 [846 629]
 [596 618]]"
75,424452,1123101,"[[636 581]
 [834 581]
 [834 620]
 [636 620]]"
76,424453,1123103,"[[571 379]
 [761 379]
 [761 418]
 [571 418]]"
77,424453,1123103,"[[573 382]
 [755 380]
 [756 415]
 [575 418]]"
78,424453,1123103,"[[603 385]
 [748 385]
 [748 413]
 [603 413]]"
79,424454,1123102,"[[633 577]
 [889 577]
 [889 638]
 [633 638]]"
80,424454,1123102,"[[637 591]
 [884 578]
 [886 625]
 [639 638]]"
81,424454,1123102,"[[679 585]
 [873 585]
 [873 628]
 [679 628]]"
82,423184,1123101,"[[561 418]
 [729 418]
 [729 464]
 [561 464]]"
83,423184,1123101,"[[545 417]
 [725 429]
 [724 464]
 [543 452]]"
84,423184,1123101,"[[573 424]
 [716 424]
 [716 457]
 [573 457]]"
85,423185,1123103,"[[602 591]
 [819 591]
 [819 640]
 [602 640]]"
86,423185,1123103,"[[581 595]
 [813 593]
 [813 638]
 [581 640]]"
87,423185,1123103,"[[618 600]
 [804 600]
 [804 634]
 [618 634]]"
88,423186,1123102,"[[545 593]
 [774 593]
 [774 646]
 [545 646]]"
89,423186,1123102,"[[524 599]
 [767 596]
 [768 642]
 [525 646]]"
90,423186,1123102,"[[563 602]
 [760 602]
 [760 639]
 [563 639]]"
91,423432,1123101,"[[345 574]
 [570 574]
 [570 637]
 [345 637]]"
92,423432,1123101,"[[318 572]
 [575 591]
 [572 636]
 [316 618]]"
93,423432,1123101,"[[357 582]
 [559 582]
 [559 628]
 [357 628]]"
94,423433,1123103,"[[759 574]
 [972 574]
 [972 626]
 [759 626]]"
95,423433,1123103,"[[733 583]
 [975 576]
 [976 620]
 [735 627]]"
96,423433,1123103,"[[772 582]
 [964 582]
 [964 618]
 [772 618]]"
97,423434,1123102,"[[700 583]
 [925 583]
 [925 639]
 [700 639]]"
98,423434,1123102,"[[678 593]
 [926 585]
 [927 631]
 [679 639]]"
99,423434,1123102,"[[714 591]
 [917 591]
 [917 631]
 [714 631]]"
100,424638,1123101,"[[522 549]
 [738 549]
 [738 604]
 [522 604]]"
101,424638,1123101,"[[505 548]
 [734 560]
 [732 604]
 [503 593]]"
102,424638,1123101,"[[538 558]
 [723 558]
 [723 596]
 [538 596]]"
103,424639,1123103,"[[712 580]
 [924 580]
 [924 628]
 [712 628]]"
104,424639,1123103,"[[694 585]
 [916 583]
 [917 625]
 [695 627]]"
105,424639,1123103,"[[729 589]
 [907 589]
 [907 621]
 [729 621]]"
106,424640,1123102,"[[616 558]
 [832 558]
 [832 606]
 [616 606]]"
107,424640,1123102,"[[599 562]
 [825 560]
 [826 604]
 [600 606]]"
108,424640,1123102,"[[634 566]
 [818 566]
 [818 599]
 [634 599]]"
109,423413,1123101,"[[522 566]
 [770 566]
 [770 626]
 [522 626]]"
110,423413,1123101,"[[528 566]
 [761 579]
 [759 626]
 [526 612]]"
111,423413,1123101,"[[560 576]
 [752 576]
 [752 616]
 [560 616]]"
112,423414,1123103,"[[647 577]
 [876 577]
 [876 624]
 [647 624]]"
113,423414,1123103,"[[647 583]
 [852 579]
 [852 621]
 [646 625]]"
114,423414,1123103,"[[682 585]
 [861 585]
 [861 619]
 [682 619]]"
115,423415,1123102,"[[571 558]
 [807 558]
 [807 607]
 [571 607]]"
116,423415,1123102,"[[573 563]
 [801 560]
 [801 604]
 [573 608]]"
117,423415,1123102,"[[608 566]
 [790 566]
 [790 603]
 [608 603]]"
118,424642,1123101,"[[623 558]
 [897 558]
 [897 619]
 [623 619]]"
119,424642,1123101,"[[629 559]
 [891 568]
 [887 618]
 [625 609]]"
120,424642,1123101,"[[666 568]
 [878 568]
 [878 611]
 [666 611]]"
121,424643,1123103,"[[565 580]
 [798 580]
 [798 628]
 [565 628]]"
122,424643,1123103,"[[564 586]
 [791 583]
 [792 628]
 [565 631]]"
123,424643,1123103,"[[602 589]
 [785 589]
 [785 624]
 [602 624]]"
124,424644,1123102,"[[476 566]
 [718 566]
 [718 616]
 [476 616]]"
125,424644,1123102,"[[478 575]
 [710 570]
 [711 616]
 [479 621]]"
126,424644,1123102,"[[515 575]
 [705 575]
 [705 613]
 [515 613]]"
127,425147,1123101,"[[443 552]
 [662 552]
 [662 605]
 [443 605]]"
128,425147,1123101,"[[448 554]
 [657 564]
 [655 604]
 [447 594]]"
129,425147,1123101,"[[479 562]
 [650 562]
 [650 598]
 [479 598]]"
130,425148,1123103,"[[583 591]
 [811 591]
 [811 641]
 [583 641]]"
131,425148,1123103,"[[586 599]
 [806 595]
 [807 636]
 [587 641]]"
132,425148,1123103,"[[622 600]
 [800 600]
 [800 634]
 [622 634]]"
133,425149,1123102,"[[508 569]
 [742 569]
 [742 619]
 [508 619]]"
134,425149,1123102,"[[510 577]
 [737 571]
 [739 613]
 [512 620]]"
135,425149,1123102,"[[547 577]
 [730 577]
 [730 612]
 [547 612]]"
136,425190,1123101,"[[631 576]
 [842 576]
 [842 625]
 [631 625]]"
137,425190,1123101,"[[660 579]
 [840 586]
 [837 625]
 [657 617]]"
138,425190,1123101,"[[668 585]
 [829 585]
 [829 617]
 [668 617]]"
139,425191,1123103,"[[ 858  584]
 [1093  584]
 [1093  640]
 [ 858  640]]"
140,425191,1123103,"[[ 868  594]
 [1086  586]
 [1087  630]
 [ 869  638]]"
141,425191,1123103,"[[ 901  594]
 [1077  594]
 [1077  631]
 [ 901  631]]"
142,425192,1123102,"[[ 825  584]
 [1067  584]
 [1067  646]
 [ 825  646]]"
143,425192,1123102,"[[ 834  599]
 [1062  587]
 [1063  632]
 [ 834  644]]"
144,425192,1123102,"[[ 869  594]
 [1051  594]
 [1051  636]
 [ 869  636]]"
145,424166,1123101,"[[363 574]
 [586 574]
 [586 634]
 [363 634]]"
146,424166,1123101,"[[346 574]
 [578 588]
 [578 633]
 [345 619]]"
147,424166,1123101,"[[380 584]
 [569 584]
 [569 626]
 [380 626]]"
148,424167,1123103,"[[695 551]
 [895 551]
 [895 597]
 [695 597]]"
149,424167,1123103,"[[680 554]
 [888 553]
 [890 595]
 [681 596]]"
150,424167,1123103,"[[712 559]
 [882 559]
 [882 589]
 [712 589]]"
151,424168,1123102,"[[626 577]
 [843 577]
 [843 626]
 [626 626]]"
152,424168,1123102,"[[609 581]
 [838 579]
 [839 623]
 [609 625]]"
153,424168,1123102,"[[645 585]
 [829 585]
 [829 620]
 [645 620]]"
154,423324,1123101,"[[574 570]
 [812 570]
 [812 624]
 [574 624]]"
155,423324,1123101,"[[582 571]
 [808 581]
 [806 624]
 [580 613]]"
156,423324,1123101,"[[613 579]
 [796 579]
 [796 616]
 [613 616]]"
157,423326,1123103,"[[631 599]
 [854 599]
 [854 645]
 [631 645]]"
158,423326,1123103,"[[637 603]
 [848 602]
 [850 643]
 [639 644]]"
159,423326,1123103,"[[668 607]
 [842 607]
 [842 638]
 [668 638]]"
160,423327,1123102,"[[539 583]
 [769 583]
 [769 630]
 [539 630]]"
161,423327,1123102,"[[545 588]
 [763 586]
 [764 628]
 [546 631]]"
162,423327,1123102,"[[577 591]
 [757 591]
 [757 625]
 [577 625]]"
163,423539,1123101,"[[531 570]
 [804 570]
 [804 634]
 [531 634]]"
164,423539,1123101,"[[534 570]
 [797 584]
 [794 634]
 [531 620]]"
165,423539,1123101,"[[577 580]
 [784 580]
 [784 626]
 [577 626]]"
166,423540,1123103,"[[535 379]
 [727 379]
 [727 420]
 [535 420]]"
167,423540,1123103,"[[551 380]
 [720 383]
 [721 420]
 [552 417]]"
168,423540,1123103,"[[565 386]
 [712 386]
 [712 415]
 [565 415]]"
169,423541,1123102,"[[473 453]
 [699 453]
 [699 497]
 [473 497]]"
170,423541,1123102,"[[474 454]
 [689 456]
 [689 498]
 [475 496]]"
171,423541,1123102,"[[510 461]
 [682 461]
 [682 492]
 [510 492]]"
172,423249,1123101,"[[540 588]
 [818 588]
 [818 646]
 [540 646]]"
173,423249,1123101,"[[543 589]
 [815 597]
 [813 647]
 [541 639]]"
174,423249,1123101,"[[582 598]
 [803 598]
 [803 639]
 [582 639]]"
175,423250,1123103,"[[750 581]
 [988 581]
 [988 633]
 [750 633]]"
176,423250,1123103,"[[748 588]
 [986 582]
 [987 628]
 [748 634]]"
177,423250,1123103,"[[785 589]
 [978 589]
 [978 626]
 [785 626]]"
178,423251,1123102,"[[646 530]
 [881 530]
 [881 581]
 [646 581]]"
179,423251,1123102,"[[645 537]
 [881 532]
 [881 577]
 [645 582]]"
180,423251,1123102,"[[681 538]
 [871 538]
 [871 575]
 [681 575]]"
181,424010,1123101,"[[615 565]
 [839 565]
 [839 620]
 [615 620]]"
182,424010,1123101,"[[618 566]
 [838 578]
 [834 619]
 [614 606]]"
183,424010,1123101,"[[648 574]
 [828 574]
 [828 612]
 [648 612]]"
184,424012,1123103,"[[509 573]
 [749 573]
 [749 624]
 [509 624]]"
185,424012,1123103,"[[508 579]
 [745 574]
 [747 619]
 [510 624]]"
186,424012,1123103,"[[546 580]
 [738 580]
 [738 617]
 [546 617]]"
187,424013,1123102,"[[441 563]
 [690 563]
 [690 618]
 [441 618]]"
188,424013,1123102,"[[441 571]
 [685 565]
 [688 611]
 [443 617]]"
189,424013,1123102,"[[480 571]
 [679 571]
 [679 610]
 [480 610]]"
190,425258,1123101,"[[645 452]
 [823 452]
 [823 495]
 [645 495]]"
191,425258,1123101,"[[653 454]
 [823 462]
 [821 495]
 [651 487]]"
192,425258,1123101,"[[676 462]
 [814 462]
 [814 489]
 [676 489]]"
193,425260,1123103,"[[555 444]
 [751 444]
 [751 485]
 [555 485]]"
194,425260,1123103,"[[555 445]
 [752 446]
 [752 485]
 [556 483]]"
195,425260,1123103,"[[585 452]
 [740 452]
 [740 480]
 [585 480]]"
196,425261,1123102,"[[487 548]
 [720 548]
 [720 596]
 [487 596]]"
197,425261,1123102,"[[492 553]
 [721 549]
 [722 593]
 [492 597]]"
198,425261,1123102,"[[526 555]
 [711 555]
 [711 590]
 [526 590]]"
199,424508,1123101,"[[474 435]
 [676 435]
 [676 492]
 [474 492]]"
200,424508,1123101,"[[477 436]
 [673 454]
 [670 492]
 [474 475]]"
201,424508,1123101,"[[506 446]
 [664 446]
 [664 485]
 [506 485]]"
202,424509,1123103,"[[717 585]
 [943 585]
 [943 637]
 [717 637]]"
203,424509,1123103,"[[740 590]
 [935 585]
 [937 633]
 [741 638]]"
204,424509,1123103,"[[750 593]
 [930 593]
 [930 629]
 [750 629]]"
205,424510,1123102,"[[627 553]
 [860 553]
 [860 606]
 [627 606]]"
206,424510,1123102,"[[628 560]
 [855 553]
 [856 598]
 [629 605]]"
207,424510,1123102,"[[664 561]
 [848 561]
 [848 597]
 [664 597]]"
208,423409,1123101,"[[479 564]
 [675 564]
 [675 623]
 [479 623]]"
209,423409,1123101,"[[480 564]
 [677 584]
 [675 625]
 [477 605]]"
210,423409,1123101,"[[496 572]
 [656 572]
 [656 616]
 [496 616]]"
211,423410,1123103,"[[505 562]
 [713 562]
 [713 609]
 [505 609]]"
212,423410,1123103,"[[491 564]
 [707 565]
 [708 608]
 [492 607]]"
213,423410,1123103,"[[526 570]
 [695 570]
 [695 601]
 [526 601]]"
214,423411,1123102,"[[434 579]
 [658 579]
 [658 630]
 [434 630]]"
215,423411,1123102,"[[420 584]
 [649 581]
 [651 626]
 [422 629]]"
216,423411,1123102,"[[456 588]
 [639 588]
 [639 622]
 [456 622]]"
217,423317,1123101,"[[494 503]
 [700 503]
 [700 559]
 [494 559]]"
218,423317,1123101,"[[504 504]
 [694 515]
 [691 559]
 [501 548]]"
219,423317,1123101,"[[507 511]
 [684 511]
 [684 551]
 [507 551]]"
220,423318,1123103,"[[ 817  579]
 [1026  579]
 [1026  631]
 [ 817  631]]"
221,423318,1123103,"[[ 818  588]
 [1022  582]
 [1023  625]
 [ 819  631]]"
222,423318,1123103,"[[ 832  588]
 [1012  588]
 [1012  624]
 [ 832  624]]"
223,423319,1123102,"[[759 580]
 [977 580]
 [977 635]
 [759 635]]"
224,423319,1123102,"[[738 591]
 [972 582]
 [973 628]
 [739 637]]"
225,423319,1123102,"[[776 589]
 [964 589]
 [964 628]
 [776 628]]"
226,424957,1123101,"[[569 563]
 [792 563]
 [792 616]
 [569 616]]"
227,424957,1123101,"[[571 562]
 [790 574]
 [788 616]
 [569 604]]"
228,424957,1123101,"[[603 572]
 [779 572]
 [779 608]
 [603 608]]"
229,424958,1123103,"[[617 591]
 [843 591]
 [843 635]
 [617 635]]"
230,424958,1123103,"[[616 591]
 [840 592]
 [841 633]
 [617 633]]"
231,424958,1123103,"[[654 597]
 [832 597]
 [832 628]
 [654 628]]"
232,424959,1123102,"[[543 585]
 [780 585]
 [780 631]
 [543 631]]"
233,424959,1123102,"[[544 588]
 [775 586]
 [776 630]
 [545 631]]"
234,424959,1123102,"[[581 592]
 [769 592]
 [769 625]
 [581 625]]"
235,424240,1123101,"[[596 578]
 [817 578]
 [817 629]
 [596 629]]"
236,424240,1123101,"[[599 579]
 [812 588]
 [810 629]
 [597 620]]"
237,424240,1123101,"[[631 588]
 [802 588]
 [802 622]
 [631 622]]"
238,424242,1123103,"[[ 785  589]
 [1016  589]
 [1016  641]
 [ 785  641]]"
239,424242,1123103,"[[ 787  599]
 [1010  591]
 [1011  633]
 [ 788  641]]"
240,424242,1123103,"[[ 822  598]
 [1003  598]
 [1003  632]
 [ 822  632]]"
241,424243,1123102,"[[724 587]
 [965 587]
 [965 642]
 [724 642]]"
242,424243,1123102,"[[727 600]
 [961 588]
 [960 631]
 [727 643]]"
243,424243,1123102,"[[764 596]
 [951 596]
 [951 634]
 [764 634]]"
244,425433,1123101,"[[544 332]
 [735 332]
 [735 381]
 [544 381]]"
245,425433,1123101,"[[547 332]
 [737 345]
 [734 381]
 [544 368]]"
246,425433,1123101,"[[574 340]
 [726 340]
 [726 375]
 [574 375]]"
247,425434,1123103,"[[511 558]
 [740 558]
 [740 600]
 [511 600]]"
248,425434,1123103,"[[508 559]
 [739 560]
 [740 601]
 [509 599]]"
249,425434,1123103,"[[550 564]
 [731 564]
 [731 596]
 [550 596]]"
250,425435,1123102,"[[436 568]
 [680 568]
 [680 614]
 [436 614]]"
251,425435,1123102,"[[428 572]
 [682 571]
 [683 613]
 [428 614]]"
252,425435,1123102,"[[475 576]
 [668 576]
 [668 609]
 [475 609]]"
253,423975,1123101,"[[557 570]
 [808 570]
 [808 629]
 [557 629]]"
254,423975,1123101,"[[567 570]
 [807 579]
 [806 630]
 [567 622]]"
255,423975,1123101,"[[578 580]
 [790 580]
 [790 622]
 [578 622]]"
256,423976,1123103,"[[469 504]
 [676 504]
 [676 550]
 [469 550]]"
257,423976,1123103,"[[452 505]
 [673 506]
 [675 549]
 [454 548]]"
258,423976,1123103,"[[488 511]
 [663 511]
 [663 543]
 [488 543]]"
259,423977,1123102,"[[389 576]
 [628 576]
 [628 630]
 [389 630]]"
260,423977,1123102,"[[396 581]
 [625 577]
 [627 626]
 [398 630]]"
261,423977,1123102,"[[411 584]
 [613 584]
 [613 622]
 [411 622]]"
262,423301,1123101,"[[569 555]
 [764 555]
 [764 606]
 [569 606]]"
263,423301,1123101,"[[550 553]
 [766 566]
 [764 606]
 [548 594]]"
264,423301,1123101,"[[581 562]
 [754 562]
 [754 599]
 [581 599]]"
265,423303,1123103,"[[778 588]
 [995 588]
 [995 639]
 [778 639]]"
266,423303,1123103,"[[756 595]
 [994 589]
 [994 633]
 [756 639]]"
267,423303,1123103,"[[792 596]
 [983 596]
 [983 631]
 [792 631]]"
268,423304,1123102,"[[688 539]
 [904 539]
 [904 590]
 [688 590]]"
269,423304,1123102,"[[669 547]
 [902 539]
 [902 583]
 [670 591]]"
270,423304,1123102,"[[702 546]
 [891 546]
 [891 584]
 [702 584]]"
271,423440,1123101,"[[486 562]
 [703 562]
 [703 613]
 [486 613]]"
272,423440,1123101,"[[485 561]
 [702 572]
 [700 612]
 [483 601]]"
273,423440,1123101,"[[518 570]
 [691 570]
 [691 605]
 [518 605]]"
274,423441,1123103,"[[ 891  605]
 [1125  605]
 [1125  659]
 [ 891  659]]"
275,423441,1123103,"[[ 891  616]
 [1121  606]
 [1122  650]
 [ 892  660]]"
276,423441,1123103,"[[ 926  614]
 [1113  614]
 [1113  652]
 [ 926  652]]"
277,423442,1123102,"[[ 805  564]
 [1038  564]
 [1038  619]
 [ 805  619]]"
278,423442,1123102,"[[ 804  577]
 [1038  565]
 [1038  609]
 [ 804  620]]"
279,423442,1123102,"[[ 841  572]
 [1027  572]
 [1027  612]
 [ 841  612]]"
280,425151,1123101,"[[440 572]
 [707 572]
 [707 634]
 [440 634]]"
281,425151,1123101,"[[440 572]
 [705 583]
 [702 634]
 [437 623]]"
282,425151,1123101,"[[481 582]
 [691 582]
 [691 625]
 [481 625]]"
283,425152,1123103,"[[520 647]
 [780 647]
 [780 699]
 [520 699]]"
284,425152,1123103,"[[519 652]
 [777 648]
 [778 697]
 [519 701]]"
285,425152,1123103,"[[560 655]
 [768 655]
 [768 692]
 [560 692]]"
286,425153,1123102,"[[421 586]
 [680 586]
 [680 637]
 [421 637]]"
287,425153,1123102,"[[420 590]
 [672 588]
 [673 635]
 [421 637]]"
288,425153,1123102,"[[463 594]
 [664 594]
 [664 631]
 [463 631]]"
289,424492,1123101,"[[518 590]
 [753 590]
 [753 645]
 [518 645]]"
290,424492,1123101,"[[524 591]
 [751 601]
 [750 645]
 [523 634]]"
291,424492,1123101,"[[557 600]
 [738 600]
 [738 638]
 [557 638]]"
292,424493,1123103,"[[ 773  630]
 [1019  630]
 [1019  682]
 [ 773  682]]"
293,424493,1123103,"[[ 779  636]
 [1016  632]
 [1018  678]
 [ 781  682]]"
294,424493,1123103,"[[ 814  638]
 [1006  638]
 [1006  675]
 [ 814  675]]"
295,424494,1123102,"[[669 569]
 [913 569]
 [913 620]
 [669 620]]"
296,424494,1123102,"[[676 575]
 [910 571]
 [912 616]
 [678 620]]"
297,424494,1123102,"[[712 577]
 [900 577]
 [900 613]
 [712 613]]"
298,424512,1123101,"[[515 579]
 [762 579]
 [762 639]
 [515 639]]"
299,424512,1123101,"[[516 579]
 [753 592]
 [751 639]
 [514 625]]"
300,424512,1123101,"[[553 590]
 [744 590]
 [744 630]
 [553 630]]"
301,424513,1123103,"[[507 590]
 [742 590]
 [742 643]
 [507 643]]"
302,424513,1123103,"[[506 597]
 [731 599]
 [732 642]
 [507 640]]"
303,424513,1123103,"[[544 604]
 [725 604]
 [725 636]
 [544 636]]"
304,424514,1123102,"[[422 586]
 [668 586]
 [668 638]
 [422 638]]"
305,424514,1123102,"[[422 593]
 [656 594]
 [657 639]
 [423 638]]"
306,424514,1123102,"[[462 599]
 [650 599]
 [650 633]
 [462 633]]"
307,424114,1123101,"[[463 569]
 [711 569]
 [711 627]
 [463 627]]"
308,424114,1123101,"[[463 568]
 [710 582]
 [708 628]
 [460 614]]"
309,424114,1123101,"[[501 580]
 [696 580]
 [696 621]
 [501 621]]"
310,424115,1123103,"[[459 596]
 [688 596]
 [688 643]
 [459 643]]"
311,424115,1123103,"[[453 597]
 [687 601]
 [688 643]
 [454 639]]"
312,424115,1123103,"[[492 604]
 [677 604]
 [677 637]
 [492 637]]"
313,424116,1123102,"[[381 598]
 [622 598]
 [622 645]
 [381 645]]"
314,424116,1123102,"[[377 599]
 [620 603]
 [622 646]
 [379 642]]"
315,424116,1123102,"[[418 607]
 [610 607]
 [610 639]
 [418 639]]"
316,424162,1123101,"[[662 412]
 [866 412]
 [866 464]
 [662 464]]"
317,424162,1123101,"[[669 414]
 [855 425]
 [852 463]
 [666 451]]"
318,424162,1123101,"[[696 422]
 [848 422]
 [848 456]
 [696 456]]"
319,424163,1123103,"[[310 564]
 [530 564]
 [530 612]
 [310 612]]"
320,424163,1123103,"[[310 568]
 [521 570]
 [519 612]
 [309 609]]"
321,424163,1123103,"[[346 574]
 [513 574]
 [513 605]
 [346 605]]"
322,424164,1123102,"[[220 583]
 [457 583]
 [457 631]
 [220 631]]"
323,424164,1123102,"[[220 587]
 [448 587]
 [447 632]
 [218 632]]"
324,424164,1123102,"[[258 592]
 [439 592]
 [439 628]
 [258 628]]"
325,424607,1123101,"[[544 594]
 [755 594]
 [755 645]
 [544 645]]"
326,424607,1123101,"[[550 595]
 [747 606]
 [746 645]
 [549 634]]"
327,424607,1123101,"[[578 604]
 [740 604]
 [740 637]
 [578 637]]"
328,424608,1123103,"[[ 818  645]
 [1068  645]
 [1068  702]
 [ 818  702]]"
329,424608,1123103,"[[ 820  655]
 [1060  647]
 [1061  694]
 [ 821  703]]"
330,424608,1123103,"[[ 860  654]
 [1051  654]
 [1051  694]
 [ 860  694]]"
331,424609,1123102,"[[689 565]
 [931 565]
 [931 618]
 [689 618]]"
332,424609,1123102,"[[694 574]
 [923 567]
 [924 612]
 [695 619]]"
333,424609,1123102,"[[730 574]
 [915 574]
 [915 612]
 [730 612]]"
334,425165,1123101,"[[473 570]
 [675 570]
 [675 628]
 [473 628]]"
335,425165,1123101,"[[454 568]
 [673 587]
 [671 629]
 [451 609]]"
336,425165,1123101,"[[488 578]
 [661 578]
 [661 621]
 [488 621]]"
337,425166,1123103,"[[ 784  590]
 [1000  590]
 [1000  644]
 [ 784  644]]"
338,425166,1123103,"[[762 600]
 [996 592]
 [996 635]
 [762 644]]"
339,425166,1123103,"[[800 600]
 [986 600]
 [986 637]
 [800 637]]"
340,425168,1123102,"[[732 590]
 [956 590]
 [956 647]
 [732 647]]"
341,425168,1123102,"[[709 602]
 [953 591]
 [954 638]
 [710 648]]"
342,425168,1123102,"[[749 598]
 [943 598]
 [943 640]
 [749 640]]"
343,425538,1123101,"[[559 563]
 [810 563]
 [810 620]
 [559 620]]"
344,425538,1123101,"[[561 563]
 [805 574]
 [803 620]
 [559 610]]"
345,425538,1123101,"[[599 572]
 [793 572]
 [793 613]
 [599 613]]"
346,425539,1123103,"[[581 547]
 [795 547]
 [795 590]
 [581 590]]"
347,425539,1123103,"[[581 550]
 [789 549]
 [790 590]
 [582 591]]"
348,425539,1123103,"[[615 554]
 [782 554]
 [782 585]
 [615 585]]"
349,425540,1123102,"[[507 568]
 [741 568]
 [741 614]
 [507 614]]"
350,425540,1123102,"[[509 574]
 [734 571]
 [735 613]
 [511 616]]"
351,425540,1123102,"[[546 575]
 [726 575]
 [726 610]
 [546 610]]"
352,425016,1123101,"[[560 424]
 [744 424]
 [744 475]
 [560 475]]"
353,425016,1123101,"[[541 424]
 [745 437]
 [743 475]
 [540 462]]"
354,425016,1123101,"[[571 432]
 [735 432]
 [735 468]
 [571 468]]"
355,425017,1123103,"[[753 588]
 [961 588]
 [961 637]
 [753 637]]"
356,425017,1123103,"[[734 596]
 [959 590]
 [959 632]
 [734 638]]"
357,425017,1123103,"[[767 596]
 [951 596]
 [951 631]
 [767 631]]"
358,425018,1123102,"[[698 586]
 [916 586]
 [916 639]
 [698 639]]"
359,425018,1123102,"[[677 598]
 [914 588]
 [915 632]
 [679 642]]"
360,425018,1123102,"[[712 594]
 [906 594]
 [906 633]
 [712 633]]"
361,424249,1123101,"[[524 512]
 [752 512]
 [752 566]
 [524 566]]"
362,424249,1123101,"[[529 511]
 [745 523]
 [743 566]
 [527 554]]"
363,424249,1123101,"[[565 520]
 [733 520]
 [733 559]
 [565 559]]"
364,424250,1123103,"[[677 589]
 [908 589]
 [908 633]
 [677 633]]"
365,424250,1123103,"[[683 592]
 [897 591]
 [898 633]
 [684 634]]"
366,424250,1123103,"[[718 597]
 [889 597]
 [889 628]
 [718 628]]"
367,424251,1123102,"[[611 581]
 [852 581]
 [852 631]
 [611 631]]"
368,424251,1123102,"[[616 589]
 [843 587]
 [844 631]
 [616 633]]"
369,424251,1123102,"[[656 592]
 [833 592]
 [833 627]
 [656 627]]"
370,423101,1123101,"[[551 537]
 [753 537]
 [753 592]
 [551 592]]"
371,423101,1123101,"[[556 538]
 [749 551]
 [747 591]
 [554 578]]"
372,423101,1123101,"[[740 377]
 [915 388]
 [914 408]
 [739 398]]"
373,423101,1123101,"[[568 546]
 [738 546]
 [738 584]
 [568 584]]"
374,423102,1123103,"[[436 400]
 [616 400]
 [616 444]
 [436 444]]"
375,423102,1123103,"[[420 402]
 [610 405]
 [611 444]
 [421 441]]"
376,423102,1123103,"[[452 408]
 [605 408]
 [605 438]
 [452 438]]"
377,423103,1123102,"[[429 575]
 [673 575]
 [673 629]
 [429 629]]"
378,423103,1123102,"[[407 580]
 [665 576]
 [667 626]
 [409 630]]"
379,423103,1123102,"[[450 583]
 [657 583]
 [657 622]
 [450 622]]"
380,423140,1123101,"[[514 562]
 [757 562]
 [757 620]
 [514 620]]"
381,423140,1123101,"[[521 562]
 [750 574]
 [747 619]
 [518 607]]"
382,423140,1123101,"[[555 571]
 [738 571]
 [738 611]
 [555 611]]"
383,423141,1123103,"[[691 577]
 [914 577]
 [914 621]
 [691 621]]"
384,423141,1123103,"[[695 580]
 [907 579]
 [908 620]
 [696 621]]"
385,423141,1123103,"[[729 584]
 [899 584]
 [899 616]
 [729 616]]"
386,423142,1123102,"[[609 551]
 [839 551]
 [839 597]
 [609 597]]"
387,423142,1123102,"[[611 555]
 [836 554]
 [834 596]
 [608 596]]"
388,423142,1123102,"[[649 559]
 [824 559]
 [824 591]
 [649 591]]"
389,424595,1123101,"[[411 557]
 [665 557]
 [665 617]
 [411 617]]"
390,424595,1123101,"[[413 557]
 [664 570]
 [661 618]
 [410 605]]"
391,424595,1123101,"[[450 567]
 [653 567]
 [653 610]
 [450 610]]"
392,424596,1123103,"[[679 262]
 [832 262]
 [832 295]
 [679 295]]"
393,424596,1123103,"[[676 264]
 [830 266]
 [830 296]
 [677 294]]"
394,424596,1123103,"[[702 269]
 [824 269]
 [824 291]
 [702 291]]"
395,424597,1123102,"[[726 568]
 [974 568]
 [974 622]
 [726 622]]"
396,424597,1123102,"[[727 580]
 [972 572]
 [973 618]
 [728 626]]"
397,424597,1123102,"[[765 578]
 [963 578]
 [963 618]
 [765 618]]"
398,424081,1123101,"[[506 579]
 [735 579]
 [735 637]
 [506 637]]"
399,424081,1123101,"[[477 578]
 [734 591]
 [732 637]
 [475 624]]"
400,424081,1123101,"[[518 588]
 [718 588]
 [718 628]
 [518 628]]"
401,424082,1123103,"[[624 599]
 [834 599]
 [834 647]
 [624 647]]"
402,424082,1123103,"[[598 602]
 [831 601]
 [831 645]
 [598 646]]"
403,424082,1123103,"[[637 607]
 [821 607]
 [821 640]
 [637 640]]"
404,424083,1123102,"[[548 586]
 [767 586]
 [767 635]
 [548 635]]"
405,424083,1123102,"[[522 590]
 [763 587]
 [764 633]
 [523 636]]"
406,424083,1123102,"[[562 594]
 [754 594]
 [754 629]
 [562 629]]"
407,425272,1123101,"[[640 241]
 [789 241]
 [789 281]
 [640 281]]"
408,425272,1123101,"[[643 242]
 [789 251]
 [787 279]
 [642 269]]"
409,425272,1123101,"[[746 255]
 [781 258]
 [780 272]
 [745 268]]"
410,425272,1123101,"[[664 248]
 [782 248]
 [782 274]
 [664 274]]"
411,425273,1123103,"[[576 411]
 [771 411]
 [771 454]
 [576 454]]"
412,425273,1123103,"[[577 414]
 [767 416]
 [768 453]
 [578 451]]"
413,425273,1123103,"[[607 420]
 [759 420]
 [759 447]
 [607 447]]"
414,425274,1123102,"[[567 581]
 [822 581]
 [822 636]
 [567 636]]"
415,425274,1123102,"[[573 591]
 [818 585]
 [819 631]
 [574 637]]"
416,425274,1123102,"[[611 592]
 [807 592]
 [807 629]
 [611 629]]"
417,425589,1123101,"[[532 536]
 [786 536]
 [786 591]
 [532 591]]"
418,425589,1123101,"[[534 536]
 [782 546]
 [779 592]
 [531 582]]"
419,425589,1123101,"[[572 545]
 [771 545]
 [771 584]
 [572 584]]"
420,425590,1123103,"[[614 612]
 [859 612]
 [859 658]
 [614 658]]"
421,425590,1123103,"[[616 616]
 [851 614]
 [853 657]
 [618 659]]"
422,425590,1123103,"[[656 619]
 [844 619]
 [844 652]
 [656 652]]"
423,425591,1123102,"[[498 546]
 [736 546]
 [736 589]
 [498 589]]"
424,425591,1123102,"[[498 549]
 [730 547]
 [732 589]
 [500 590]]"
425,425591,1123102,"[[538 553]
 [724 553]
 [724 585]
 [538 585]]"
426,423072,1123101,"[[700 563]
 [943 563]
 [943 615]
 [700 615]]"
427,423072,1123101,"[[713 564]
 [941 570]
 [940 615]
 [712 608]]"
428,423072,1123101,"[[746 572]
 [929 572]
 [929 609]
 [746 609]]"
429,423074,1123103,"[[536 594]
 [758 594]
 [758 639]
 [536 639]]"
430,423074,1123103,"[[543 600]
 [756 599]
 [757 640]
 [544 641]]"
431,423074,1123103,"[[577 604]
 [746 604]
 [746 636]
 [577 636]]"
432,423075,1123102,"[[441 550]
 [662 550]
 [662 593]
 [441 593]]"
433,423075,1123102,"[[450 555]
 [659 554]
 [660 596]
 [451 597]]"
434,423075,1123102,"[[483 559]
 [651 559]
 [651 592]
 [483 592]]"
435,424003,1123101,"[[282 551]
 [544 551]
 [544 619]
 [282 619]]"
436,424003,1123101,"[[281 550]
 [542 568]
 [540 618]
 [278 600]]"
437,424003,1123101,"[[319 562]
 [531 562]
 [531 609]
 [319 609]]"
438,424004,1123103,"[[696 532]
 [928 532]
 [928 578]
 [696 578]]"
439,424004,1123103,"[[695 536]
 [923 533]
 [924 576]
 [696 578]]"
440,424004,1123103,"[[730 540]
 [915 540]
 [915 573]
 [730 573]]"
441,424005,1123102,"[[661 580]
 [919 580]
 [919 635]
 [661 635]]"
442,424005,1123102,"[[664 589]
 [918 582]
 [918 629]
 [664 636]]"
443,424005,1123102,"[[702 588]
 [907 588]
 [907 627]
 [702 627]]"
444,424496,1123101,"[[580 580]
 [849 580]
 [849 641]
 [580 641]]"
445,424496,1123101,"[[586 580]
 [843 591]
 [840 640]
 [583 629]]"
446,424496,1123101,"[[624 590]
 [831 590]
 [831 631]
 [624 631]]"
447,424497,1123103,"[[548 462]
 [757 462]
 [757 504]
 [548 504]]"
448,424497,1123103,"[[546 463]
 [756 463]
 [756 504]
 [546 504]]"
449,424497,1123103,"[[580 470]
 [746 470]
 [746 501]
 [580 501]]"
450,424498,1123102,"[[491 539]
 [741 539]
 [741 594]
 [491 594]]"
451,424498,1123102,"[[493 549]
 [737 544]
 [736 591]
 [493 596]]"
452,424498,1123102,"[[534 551]
 [725 551]
 [725 591]
 [534 591]]"
453,424141,1123101,"[[530 571]
 [645 571]
 [645 608]
 [530 608]]"
454,424141,1123101,"[[534 576]
 [642 582]
 [641 607]
 [533 601]]"
455,424141,1123101,"[[546 580]
 [639 580]
 [639 602]
 [546 602]]"
456,424143,1123103,"[[621 566]
 [836 566]
 [836 608]
 [621 608]]"
457,424143,1123103,"[[626 569]
 [831 568]
 [833 607]
 [627 609]]"
458,424143,1123103,"[[659 573]
 [823 573]
 [823 603]
 [659 603]]"
459,424144,1123102,"[[544 579]
 [775 579]
 [775 626]
 [544 626]]"
460,424144,1123102,"[[552 586]
 [769 582]
 [771 623]
 [553 627]]"
461,424144,1123102,"[[587 587]
 [761 587]
 [761 620]
 [587 620]]"
462,425558,1123101,"[[581 331]
 [752 331]
 [752 374]
 [581 374]]"
463,425558,1123101,"[[581 330]
 [749 340]
 [747 373]
 [579 363]]"
464,425558,1123101,"[[605 337]
 [740 337]
 [740 367]
 [605 367]]"
465,425559,1123103,"[[585 574]
 [820 574]
 [820 623]
 [585 623]]"
466,425559,1123103,"[[581 579]
 [813 576]
 [815 619]
 [583 623]]"
467,425559,1123103,"[[620 582]
 [805 582]
 [805 615]
 [620 615]]"
468,425560,1123102,"[[508 541]
 [744 541]
 [744 590]
 [508 590]]"
469,425560,1123102,"[[507 547]
 [739 543]
 [740 587]
 [508 592]]"
470,425560,1123102,"[[544 549]
 [732 549]
 [732 584]
 [544 584]]"
471,425345,1123101,"[[637 563]
 [843 563]
 [843 620]
 [637 620]]"
472,425345,1123101,"[[621 561]
 [843 576]
 [841 619]
 [618 604]]"
473,425345,1123101,"[[650 570]
 [833 570]
 [833 611]
 [650 611]]"
474,425347,1123103,"[[419 553]
 [631 553]
 [631 600]
 [419 600]]"
475,425347,1123103,"[[398 555]
 [630 555]
 [631 599]
 [400 599]]"
476,425347,1123103,"[[434 560]
 [621 560]
 [621 593]
 [434 593]]"
477,425348,1123102,"[[339 581]
 [570 581]
 [570 633]
 [339 633]]"
478,425348,1123102,"[[315 585]
 [569 582]
 [572 629]
 [318 633]]"
479,425348,1123102,"[[357 588]
 [560 588]
 [560 625]
 [357 625]]"
480,425565,1123101,"[[593 576]
 [843 576]
 [843 630]
 [593 630]]"
481,425565,1123101,"[[623 577]
 [838 583]
 [838 630]
 [623 624]]"
482,425565,1123101,"[[638 586]
 [822 586]
 [822 623]
 [638 623]]"
483,425566,1123103,"[[756 558]
 [989 558]
 [989 611]
 [756 611]]"
484,425566,1123103,"[[764 568]
 [980 562]
 [980 606]
 [764 611]]"
485,425566,1123103,"[[799 568]
 [971 568]
 [971 604]
 [799 604]]"
486,425567,1123102,"[[713 584]
 [962 584]
 [962 642]
 [713 642]]"
487,425567,1123102,"[[743 595]
 [958 585]
 [960 633]
 [745 642]]"
488,425567,1123102,"[[759 594]
 [944 594]
 [944 635]
 [759 635]]"
489,425810,1123101,"[[662 348]
 [846 348]
 [846 392]
 [662 392]]"
490,425810,1123101,"[[669 348]
 [845 357]
 [844 392]
 [668 383]]"
491,425810,1123101,"[[693 356]
 [835 356]
 [835 387]
 [693 387]]"
492,425811,1123103,"[[550 503]
 [754 503]
 [754 543]
 [550 543]]"
493,425811,1123103,"[[554 504]
 [756 504]
 [754 542]
 [552 542]]"
494,425811,1123103,"[[587 508]
 [741 508]
 [741 538]
 [587 538]]"
495,425812,1123102,"[[499 567]
 [730 567]
 [730 616]
 [499 616]]"
496,425812,1123102,"[[507 575]
 [727 569]
 [728 611]
 [508 617]]"
497,425812,1123102,"[[538 575]
 [717 575]
 [717 610]
 [538 610]]"
498,423681,1123101,"[[571 348]
 [779 348]
 [779 399]
 [571 399]]"
499,423681,1123101,"[[577 348]
 [781 359]
 [779 400]
 [575 388]]"
500,423681,1123101,"[[608 358]
 [766 358]
 [766 393]
 [608 393]]"
501,423683,1123103,"[[608 384]
 [795 384]
 [795 423]
 [608 423]]"
502,423683,1123103,"[[612 386]
 [795 387]
 [796 423]
 [613 422]]"
503,423683,1123103,"[[641 391]
 [784 391]
 [784 418]
 [641 418]]"
504,423684,1123102,"[[630 564]
 [879 564]
 [879 620]
 [630 620]]"
505,423684,1123102,"[[641 576]
 [879 568]
 [880 614]
 [642 621]]"
506,423684,1123102,"[[676 575]
 [865 575]
 [865 613]
 [676 613]]"
507,425852,1123101,"[[333 496]
 [578 496]
 [578 556]
 [333 556]]"
508,425852,1123101,"[[364 498]
 [570 511]
 [568 557]
 [363 544]]"
509,425852,1123101,"[[373 506]
 [558 506]
 [558 548]
 [373 548]]"
510,425853,1123103,"[[447 547]
 [655 547]
 [655 599]
 [447 599]]"
511,425853,1123103,"[[448 549]
 [650 555]
 [651 600]
 [449 593]]"
512,425853,1123103,"[[463 556]
 [638 556]
 [638 591]
 [463 591]]"
513,425854,1123102,"[[362 523]
 [576 523]
 [576 575]
 [362 575]]"
514,425854,1123102,"[[345 523]
 [566 532]
 [567 576]
 [346 567]]"
515,425854,1123102,"[[380 532]
 [559 532]
 [559 567]
 [380 567]]"
516,423588,1123101,"[[509 552]
 [749 552]
 [749 614]
 [509 614]]"
517,423588,1123101,"[[513 555]
 [746 569]
 [743 614]
 [510 600]]"
518,423588,1123101,"[[547 566]
 [735 566]
 [735 605]
 [547 605]]"
519,423589,1123103,"[[460 562]
 [677 562]
 [677 605]
 [460 605]]"
520,423589,1123103,"[[458 564]
 [674 564]
 [675 605]
 [459 605]]"
521,423589,1123103,"[[493 569]
 [668 569]
 [668 599]
 [493 599]]"
522,423590,1123102,"[[379 587]
 [616 587]
 [616 634]
 [379 634]]"
523,423590,1123102,"[[377 591]
 [610 588]
 [612 633]
 [378 635]]"
524,423590,1123102,"[[416 594]
 [604 594]
 [604 628]
 [416 628]]"
525,425491,1123101,"[[478 449]
 [674 449]
 [674 499]
 [478 499]]"
526,425491,1123101,"[[507 451]
 [662 464]
 [661 497]
 [506 485]]"
527,425491,1123101,"[[512 455]
 [654 455]
 [654 492]
 [512 492]]"
528,425492,1123103,"[[742 590]
 [978 590]
 [978 641]
 [742 641]]"
529,425492,1123103,"[[774 595]
 [964 593]
 [965 635]
 [775 637]]"
530,425492,1123103,"[[808 521]
 [958 513]
 [957 545]
 [808 553]]"
531,425492,1123103,"[[784 596]
 [958 596]
 [958 633]
 [784 633]]"
532,425493,1123102,"[[656 575]
 [899 575]
 [899 629]
 [656 629]]"
533,425493,1123102,"[[653 584]
 [904 574]
 [905 621]
 [654 631]]"
534,425493,1123102,"[[699 582]
 [880 582]
 [880 621]
 [699 621]]"
535,424516,1123101,"[[657 582]
 [900 582]
 [900 637]
 [657 637]]"
536,424516,1123101,"[[636 583]
 [898 587]
 [897 636]
 [635 632]]"
537,424516,1123101,"[[673 592]
 [886 592]
 [886 629]
 [673 629]]"
538,424517,1123103,"[[ 888  610]
 [1094  610]
 [1094  656]
 [ 888  656]]"
539,424517,1123103,"[[ 869  614]
 [1090  610]
 [1091  652]
 [ 870  655]]"
540,424517,1123103,"[[ 901  616]
 [1082  616]
 [1082  650]
 [ 901  650]]"
541,424518,1123102,"[[ 795  583]
 [1004  583]
 [1004  629]
 [ 795  629]]"
542,424518,1123102,"[[ 776  587]
 [1001  584]
 [1001  625]
 [ 776  628]]"
543,424518,1123102,"[[809 590]
 [992 590]
 [992 622]
 [809 622]]"
544,424331,1123101,"[[556 343]
 [734 343]
 [734 388]
 [556 388]]"
545,424331,1123101,"[[566 345]
 [737 355]
 [735 388]
 [564 378]]"
546,424331,1123101,"[[588 352]
 [728 352]
 [728 383]
 [588 383]]"
547,424332,1123103,"[[688 586]
 [908 586]
 [908 630]
 [688 630]]"
548,424332,1123103,"[[700 590]
 [908 589]
 [909 630]
 [701 632]]"
549,424332,1123103,"[[727 596]
 [901 596]
 [901 625]
 [727 625]]"
550,424333,1123102,"[[597 581]
 [827 581]
 [827 628]
 [597 628]]"
551,424333,1123102,"[[604 585]
 [831 583]
 [832 626]
 [605 628]]"
552,424333,1123102,"[[638 590]
 [820 590]
 [820 622]
 [638 622]]"
553,425202,1123101,"[[552 578]
 [818 578]
 [818 643]
 [552 643]]"
554,425202,1123101,"[[552 579]
 [817 594]
 [814 643]
 [549 628]]"
555,425202,1123101,"[[591 589]
 [803 589]
 [803 633]
 [591 633]]"
556,425203,1123103,"[[535 416]
 [732 416]
 [732 458]
 [535 458]]"
557,425203,1123103,"[[534 416]
 [728 421]
 [728 459]
 [534 454]]"
558,425203,1123103,"[[565 423]
 [721 423]
 [721 452]
 [565 452]]"
559,425204,1123102,"[[525 592]
 [785 592]
 [785 644]
 [525 644]]"
560,425204,1123102,"[[524 597]
 [782 594]
 [782 642]
 [524 645]]"
561,425204,1123102,"[[566 600]
 [771 600]
 [771 638]
 [566 638]]"
562,423256,1123101,"[[650 281]
 [800 281]
 [800 322]
 [650 322]]"
563,423256,1123101,"[[636 281]
 [802 289]
 [800 321]
 [635 313]]"
564,423256,1123101,"[[659 288]
 [793 288]
 [793 316]
 [659 316]]"
565,423258,1123103,"[[774 565]
 [981 565]
 [981 620]
 [774 620]]"
566,423258,1123103,"[[755 577]
 [977 568]
 [978 610]
 [757 620]]"
567,423258,1123103,"[[787 574]
 [970 574]
 [970 611]
 [787 611]]"
568,423259,1123102,"[[707 566]
 [922 566]
 [922 621]
 [707 621]]"
569,423259,1123102,"[[687 578]
 [920 567]
 [921 611]
 [689 622]]"
570,423259,1123102,"[[721 573]
 [913 573]
 [913 613]
 [721 613]]"
571,423999,1123101,"[[595 566]
 [833 566]
 [833 625]
 [595 625]]"
572,423999,1123101,"[[579 565]
 [829 577]
 [828 626]
 [578 614]]"
573,423999,1123101,"[[614 574]
 [816 574]
 [816 618]
 [614 618]]"
574,424000,1123103,"[[652 568]
 [851 568]
 [851 611]
 [652 611]]"
575,424000,1123103,"[[638 571]
 [844 571]
 [844 610]
 [639 610]]"
576,424000,1123103,"[[668 575]
 [836 575]
 [836 604]
 [668 604]]"
577,424001,1123102,"[[603 588]
 [816 588]
 [816 636]
 [603 636]]"
578,424001,1123102,"[[589 595]
 [809 591]
 [810 633]
 [590 636]]"
579,424001,1123102,"[[620 597]
 [800 597]
 [800 630]
 [620 630]]"
580,425684,1123101,"[[261 543]
 [533 543]
 [533 604]
 [261 604]]"
581,425684,1123101,"[[269 544]
 [527 554]
 [523 604]
 [265 594]]"
582,425684,1123101,"[[308 554]
 [513 554]
 [513 596]
 [308 596]]"
583,425685,1123103,"[[687 650]
 [939 650]
 [939 702]
 [687 702]]"
584,425685,1123103,"[[694 656]
 [932 651]
 [933 697]
 [695 702]]"
585,425685,1123103,"[[733 657]
 [923 657]
 [923 694]
 [733 694]]"
586,425686,1123102,"[[590 592]
 [841 592]
 [841 644]
 [590 644]]"
587,425686,1123102,"[[597 598]
 [832 594]
 [832 639]
 [597 644]]"
588,425686,1123102,"[[635 600]
 [821 600]
 [821 638]
 [635 638]]"
589,424754,1123101,"[[538 589]
 [757 589]
 [757 645]
 [538 645]]"
590,424754,1123101,"[[519 588]
 [758 600]
 [752 645]
 [514 632]]"
591,424754,1123101,"[[554 597]
 [744 597]
 [744 637]
 [554 637]]"
592,424755,1123103,"[[737 596]
 [942 596]
 [942 641]
 [737 641]]"
593,424755,1123103,"[[716 598]
 [940 598]
 [941 640]
 [716 640]]"
594,424755,1123103,"[[752 604]
 [930 604]
 [930 635]
 [752 635]]"
595,424756,1123102,"[[636 559]
 [841 559]
 [841 602]
 [636 602]]"
596,424756,1123102,"[[612 559]
 [845 560]
 [842 602]
 [609 601]]"
597,424756,1123102,"[[652 566]
 [830 566]
 [830 597]
 [652 597]]"
598,424342,1123101,"[[477 573]
 [694 573]
 [694 626]
 [477 626]]"
599,424342,1123101,"[[486 573]
 [687 586]
 [685 626]
 [484 613]]"
600,424342,1123101,"[[516 582]
 [676 582]
 [676 618]
 [516 618]]"
601,424344,1123103,"[[742 581]
 [973 581]
 [973 634]
 [742 634]]"
602,424344,1123103,"[[746 590]
 [966 584]
 [967 628]
 [747 634]]"
603,424344,1123103,"[[779 590]
 [959 590]
 [959 626]
 [779 626]]"
604,424345,1123102,"[[631 524]
 [859 524]
 [859 574]
 [631 574]]"
605,424345,1123102,"[[637 531]
 [853 526]
 [852 569]
 [636 574]]"
606,424345,1123102,"[[670 532]
 [843 532]
 [843 567]
 [670 567]]"
607,423478,1123101,"[[467 541]
 [722 541]
 [722 608]
 [467 608]]"
608,423478,1123101,"[[465 541]
 [722 560]
 [718 607]
 [461 589]]"
609,423478,1123101,"[[504 552]
 [707 552]
 [707 599]
 [504 599]]"
610,423480,1123103,"[[736 651]
 [995 651]
 [995 708]
 [736 708]]"
611,423480,1123103,"[[736 660]
 [989 652]
 [990 701]
 [737 709]]"
612,423480,1123103,"[[776 660]
 [980 660]
 [980 700]
 [776 700]]"
613,423481,1123102,"[[590 541]
 [837 541]
 [837 592]
 [590 592]]"
614,423481,1123102,"[[591 548]
 [833 544]
 [834 589]
 [592 593]]"
615,423481,1123102,"[[632 550]
 [823 550]
 [823 585]
 [632 585]]"
616,425316,1123101,"[[598 578]
 [841 578]
 [841 637]
 [598 637]]"
617,425316,1123101,"[[608 581]
 [837 592]
 [835 638]
 [606 628]]"
618,425316,1123101,"[[635 590]
 [832 590]
 [832 628]
 [635 628]]"
619,425317,1123103,"[[686 566]
 [908 566]
 [908 623]
 [686 623]]"
620,425317,1123103,"[[694 574]
 [905 573]
 [906 616]
 [695 618]]"
621,425317,1123103,"[[721 579]
 [899 579]
 [899 610]
 [721 610]]"
622,425318,1123102,"[[615 583]
 [853 583]
 [853 644]
 [615 644]]"
623,425318,1123102,"[[623 594]
 [849 589]
 [851 634]
 [625 639]]"
624,425318,1123102,"[[653 595]
 [846 595]
 [846 630]
 [653 630]]"
625,425312,1123101,"[[611 281]
 [770 281]
 [770 322]
 [611 322]]"
626,425312,1123101,"[[615 281]
 [768 292]
 [767 321]
 [614 310]]"
627,425312,1123101,"[[638 288]
 [759 288]
 [759 315]
 [638 315]]"
628,425313,1123103,"[[643 587]
 [875 587]
 [875 634]
 [643 634]]"
629,425313,1123103,"[[644 592]
 [874 590]
 [874 633]
 [643 635]]"
630,425313,1123103,"[[681 596]
 [861 596]
 [861 629]
 [681 629]]"
631,425314,1123102,"[[559 570]
 [799 570]
 [799 619]
 [559 619]]"
632,425314,1123102,"[[560 576]
 [795 573]
 [798 617]
 [563 620]]"
633,425314,1123102,"[[600 578]
 [785 578]
 [785 613]
 [600 613]]"
634,425514,1123101,"[[567 272]
 [750 272]
 [750 317]
 [567 317]]"
635,425514,1123101,"[[570 273]
 [748 282]
 [747 316]
 [569 307]]"
636,425514,1123101,"[[596 280]
 [741 280]
 [741 310]
 [596 310]]"
637,425515,1123103,"[[540 584]
 [781 584]
 [781 635]
 [540 635]]"
638,425515,1123103,"[[539 589]
 [779 585]
 [780 631]
 [540 635]]"
639,425515,1123103,"[[576 592]
 [768 592]
 [768 627]
 [576 627]]"
640,425516,1123102,"[[451 530]
 [689 530]
 [689 581]
 [451 581]]"
641,425516,1123102,"[[453 536]
 [685 532]
 [687 577]
 [455 581]]"
642,425516,1123102,"[[488 539]
 [677 539]
 [677 573]
 [488 573]]"
643,423336,1123101,"[[365 571]
 [588 571]
 [588 629]
 [365 629]]"
644,423336,1123101,"[[343 569]
 [584 584]
 [583 629]
 [342 614]]"
645,423336,1123101,"[[378 579]
 [577 579]
 [577 619]
 [378 619]]"
646,423338,1123103,"[[630 418]
 [800 418]
 [800 458]
 [630 458]]"
647,423338,1123103,"[[611 420]
 [796 420]
 [798 457]
 [613 457]]"
648,423338,1123103,"[[641 425]
 [791 425]
 [791 452]
 [641 452]]"
649,423339,1123102,"[[607 579]
 [828 579]
 [828 634]
 [607 634]]"
650,423339,1123102,"[[585 588]
 [822 581]
 [825 628]
 [588 635]]"
651,423339,1123102,"[[625 588]
 [816 588]
 [816 626]
 [625 626]]"
652,424456,1123101,"[[566 575]
 [834 575]
 [834 635]
 [566 635]]"
653,424456,1123101,"[[577 576]
 [832 586]
 [827 633]
 [572 623]]"
654,424456,1123101,"[[613 585]
 [815 585]
 [815 625]
 [613 625]]"
655,424457,1123103,"[[679 634]
 [933 634]
 [933 690]
 [679 690]]"
656,424457,1123103,"[[685 644]
 [930 634]
 [932 681]
 [687 691]]"
657,424457,1123103,"[[724 642]
 [918 642]
 [918 681]
 [724 681]]"
658,424458,1123102,"[[581 579]
 [832 579]
 [832 635]
 [581 635]]"
659,424458,1123102,"[[587 590]
 [829 581]
 [831 626]
 [589 635]]"
660,424458,1123102,"[[625 588]
 [817 588]
 [817 627]
 [625 627]]"
661,423060,1123101,"[[659 566]
 [872 566]
 [872 612]
 [659 612]]"
662,423060,1123101,"[[681 568]
 [874 573]
 [872 612]
 [679 607]]"
663,423060,1123101,"[[696 574]
 [858 574]
 [858 605]
 [696 605]]"
664,423062,1123103,"[[ 832  575]
 [1064  575]
 [1064  630]
 [ 832  630]]"
665,423062,1123103,"[[ 837  587]
 [1055  579]
 [1055  622]
 [ 838  630]]"
666,423062,1123103,"[[ 873  585]
 [1046  585]
 [1046  621]
 [ 873  621]]"
667,423063,1123102,"[[ 785  585]
 [1028  585]
 [1028  645]
 [ 785  645]]"
668,423063,1123102,"[[ 811  600]
 [1029  587]
 [1029  633]
 [ 811  646]]"
669,423063,1123102,"[[ 829  594]
 [1012  594]
 [1012  636]
 [ 829  636]]"
670,424378,1123101,"[[606 469]
 [791 469]
 [791 514]
 [606 514]]"
671,424378,1123101,"[[607 470]
 [788 479]
 [785 514]
 [605 505]]"
672,424378,1123101,"[[634 478]
 [779 478]
 [779 509]
 [634 509]]"
673,424379,1123103,"[[539 597]
 [771 597]
 [771 644]
 [539 644]]"
674,424379,1123103,"[[540 601]
 [765 599]
 [766 642]
 [541 644]]"
675,424379,1123103,"[[575 605]
 [759 605]
 [759 638]
 [575 638]]"
676,424380,1123102,"[[450 576]
 [688 576]
 [688 625]
 [450 625]]"
677,424380,1123102,"[[452 580]
 [682 578]
 [683 623]
 [454 625]]"
678,424380,1123102,"[[488 584]
 [676 584]
 [676 618]
 [488 618]]"
679,424480,1123101,"[[377 578]
 [644 578]
 [644 647]
 [377 647]]"
680,424480,1123101,"[[378 578]
 [639 597]
 [637 647]
 [376 628]]"
681,424480,1123101,"[[416 590]
 [626 590]
 [626 638]
 [416 638]]"
682,424481,1123103,"[[535 574]
 [782 574]
 [782 624]
 [535 624]]"
683,424481,1123103,"[[537 578]
 [777 576]
 [777 620]
 [536 623]]"
684,424481,1123103,"[[575 582]
 [767 582]
 [767 616]
 [575 616]]"
685,424482,1123102,"[[489 578]
 [743 578]
 [743 631]
 [489 631]]"
686,424482,1123102,"[[490 585]
 [739 580]
 [739 627]
 [490 632]]"
687,424482,1123102,"[[530 587]
 [729 587]
 [729 624]
 [530 624]]"
688,423052,1123101,"[[529 582]
 [745 582]
 [745 635]
 [529 635]]"
689,423052,1123101,"[[529 582]
 [744 596]
 [743 635]
 [527 621]]"
690,423052,1123101,"[[563 592]
 [732 592]
 [732 626]
 [563 626]]"
691,423054,1123103,"[[661 461]
 [857 461]
 [857 499]
 [661 499]]"
692,423054,1123103,"[[659 461]
 [854 462]
 [854 500]
 [659 499]]"
693,423054,1123103,"[[690 468]
 [847 468]
 [847 495]
 [690 495]]"
694,423055,1123102,"[[623 578]
 [860 578]
 [860 627]
 [623 627]]"
695,423055,1123102,"[[621 584]
 [859 578]
 [858 622]
 [621 628]]"
696,423055,1123102,"[[659 584]
 [850 584]
 [850 621]
 [659 621]]"
697,424274,1123101,"[[637 369]
 [823 369]
 [823 415]
 [637 415]]"
698,424274,1123101,"[[645 370]
 [820 380]
 [819 415]
 [644 405]]"
699,424274,1123101,"[[672 378]
 [808 378]
 [808 408]
 [672 408]]"
700,424275,1123103,"[[626 644]
 [877 644]
 [877 698]
 [626 698]]"
701,424275,1123103,"[[637 653]
 [871 644]
 [873 691]
 [639 699]]"
702,424275,1123103,"[[675 652]
 [858 652]
 [858 690]
 [675 690]]"
703,424276,1123102,"[[501 553]
 [740 553]
 [740 603]
 [501 603]]"
704,424276,1123102,"[[512 560]
 [732 555]
 [735 598]
 [514 603]]"
705,424276,1123102,"[[547 561]
 [722 561]
 [722 597]
 [547 597]]"
706,424303,1123101,"[[500 585]
 [754 585]
 [754 640]
 [500 640]]"
707,424303,1123101,"[[503 586]
 [754 593]
 [752 639]
 [501 632]]"
708,424303,1123101,"[[538 594]
 [742 594]
 [742 633]
 [538 633]]"
709,424304,1123103,"[[588 601]
 [808 601]
 [808 644]
 [588 644]]"
710,424304,1123103,"[[587 605]
 [807 603]
 [807 644]
 [587 646]]"
711,424304,1123103,"[[622 608]
 [799 608]
 [799 641]
 [622 641]]"
712,424305,1123102,"[[498 565]
 [721 565]
 [721 607]
 [498 607]]"
713,424305,1123102,"[[499 569]
 [719 567]
 [721 608]
 [501 611]]"
714,424305,1123102,"[[532 571]
 [712 571]
 [712 605]
 [532 605]]"
715,424721,1123101,"[[544 410]
 [723 410]
 [723 453]
 [544 453]]"
716,424721,1123101,"[[547 411]
 [719 420]
 [718 453]
 [545 444]]"
717,424721,1123101,"[[572 418]
 [713 418]
 [713 447]
 [572 447]]"
718,424723,1123103,"[[593 281]
 [747 281]
 [747 317]
 [593 317]]"
719,424723,1123103,"[[593 284]
 [743 287]
 [744 317]
 [593 314]]"
720,424723,1123103,"[[618 290]
 [738 290]
 [738 313]
 [618 313]]"
721,424724,1123102,"[[484 570]
 [731 570]
 [731 621]
 [484 621]]"
722,424724,1123102,"[[483 576]
 [726 573]
 [727 618]
 [484 620]]"
723,424724,1123102,"[[525 578]
 [717 578]
 [717 614]
 [525 614]]"
724,424311,1123101,"[[590 567]
 [839 567]
 [839 625]
 [590 625]]"
725,424311,1123101,"[[597 569]
 [832 580]
 [829 625]
 [594 614]]"
726,424311,1123101,"[[629 577]
 [825 577]
 [825 617]
 [629 617]]"
727,424312,1123103,"[[559 583]
 [785 583]
 [785 629]
 [559 629]]"
728,424312,1123103,"[[560 587]
 [778 585]
 [779 627]
 [561 629]]"
729,424312,1123103,"[[594 592]
 [771 592]
 [771 623]
 [594 623]]"
730,424313,1123102,"[[477 581]
 [714 581]
 [714 630]
 [477 630]]"
731,424313,1123102,"[[478 588]
 [709 584]
 [710 628]
 [479 631]]"
732,424313,1123102,"[[516 590]
 [701 590]
 [701 624]
 [516 624]]"
733,425700,1123101,"[[507 577]
 [778 577]
 [778 641]
 [507 641]]"
734,425700,1123101,"[[506 576]
 [771 591]
 [770 642]
 [504 627]]"
735,425700,1123101,"[[547 588]
 [756 588]
 [756 632]
 [547 632]]"
736,425701,1123103,"[[565 574]
 [794 574]
 [794 622]
 [565 622]]"
737,425701,1123103,"[[585 582]
 [789 581]
 [789 621]
 [586 622]]"
738,425701,1123103,"[[601 585]
 [778 585]
 [778 617]
 [601 617]]"
739,425702,1123102,"[[488 560]
 [725 560]
 [725 608]
 [488 608]]"
740,425702,1123102,"[[486 564]
 [719 563]
 [719 608]
 [486 609]]"
741,425702,1123102,"[[524 568]
 [709 568]
 [709 603]
 [524 603]]"
742,425249,1123101,"[[365 587]
 [588 587]
 [588 644]
 [365 644]]"
743,425249,1123101,"[[394 592]
 [583 605]
 [582 640]
 [392 628]]"
744,425249,1123101,"[[399 597]
 [574 597]
 [574 635]
 [399 635]]"
745,425250,1123103,"[[830 163]
 [952 163]
 [952 193]
 [830 193]]"
746,425250,1123103,"[[845 168]
 [947 170]
 [947 191]
 [845 189]]"
747,425250,1123103,"[[902 172]
 [939 171]
 [938 189]
 [902 190]]"
748,425250,1123103,"[[848 170]
 [944 170]
 [944 188]
 [848 188]]"
749,425251,1123103,"[[793 205]
 [925 205]
 [925 237]
 [793 237]]"
750,425251,1123103,"[[813 212]
 [916 212]
 [916 232]
 [813 232]]"
751,425252,1123102,"[[644 211]
 [788 211]
 [788 246]
 [644 246]]"
752,425252,1123102,"[[662 216]
 [782 219]
 [783 243]
 [663 240]]"
753,425252,1123102,"[[667 219]
 [778 219]
 [778 240]
 [667 240]]"
754,423360,1123101,"[[488 509]
 [735 509]
 [735 565]
 [488 565]]"
755,423360,1123101,"[[502 511]
 [727 521]
 [725 565]
 [499 555]]"
756,423360,1123101,"[[533 520]
 [718 520]
 [718 558]
 [533 558]]"
757,423361,1123103,"[[628 565]
 [860 565]
 [860 615]
 [628 615]]"
758,423361,1123103,"[[635 571]
 [857 568]
 [857 610]
 [634 614]]"
759,423361,1123103,"[[671 574]
 [844 574]
 [844 606]
 [671 606]]"
760,423362,1123102,"[[572 590]
 [824 590]
 [824 646]
 [572 646]]"
761,423362,1123102,"[[584 600]
 [815 593]
 [817 639]
 [586 645]]"
762,423362,1123102,"[[621 599]
 [807 599]
 [807 637]
 [621 637]]"
763,424902,1123101,"[[435 572]
 [651 572]
 [651 625]
 [435 625]]"
764,424902,1123101,"[[437 572]
 [649 585]
 [647 626]
 [434 612]]"
765,424902,1123101,"[[469 582]
 [639 582]
 [639 618]
 [469 618]]"
766,424903,1123103,"[[ 815  648]
 [1060  648]
 [1060  702]
 [ 815  702]]"
767,424903,1123103,"[[ 813  657]
 [1056  649]
 [1057  696]
 [ 813  704]]"
768,424903,1123103,"[[ 853  656]
 [1045  656]
 [1045  695]
 [ 853  695]]"
769,424904,1123102,"[[699 586]
 [943 586]
 [943 639]
 [699 639]]"
770,424904,1123102,"[[702 594]
 [938 588]
 [939 634]
 [702 640]]"
771,424904,1123102,"[[740 596]
 [928 596]
 [928 632]
 [740 632]]"
772,425445,1123101,"[[536 396]
 [755 396]
 [755 450]
 [536 450]]"
773,425445,1123101,"[[544 396]
 [750 408]
 [747 450]
 [541 437]]"
774,425445,1123101,"[[574 404]
 [740 404]
 [740 443]
 [574 443]]"
775,425446,1123103,"[[703 588]
 [938 588]
 [938 636]
 [703 636]]"
776,425446,1123103,"[[711 594]
 [931 590]
 [931 633]
 [711 637]]"
777,425446,1123103,"[[746 596]
 [924 596]
 [924 629]
 [746 629]]"
778,425447,1123102,"[[629 558]
 [867 558]
 [867 608]
 [629 608]]"
779,425447,1123102,"[[638 565]
 [862 560]
 [861 604]
 [637 609]]"
780,425447,1123102,"[[671 566]
 [853 566]
 [853 602]
 [671 602]]"
781,424884,1123101,"[[448 594]
 [675 594]
 [675 647]
 [448 647]]"
782,424884,1123101,"[[448 594]
 [672 607]
 [670 648]
 [446 635]]"
783,424884,1123101,"[[483 603]
 [661 603]
 [661 641]
 [483 641]]"
784,424885,1123103,"[[751 578]
 [982 578]
 [982 629]
 [751 629]]"
785,424885,1123103,"[[751 587]
 [978 581]
 [979 624]
 [752 630]]"
786,424885,1123103,"[[788 587]
 [970 587]
 [970 622]
 [788 622]]"
787,424886,1123102,"[[661 541]
 [895 541]
 [895 593]
 [661 593]]"
788,424886,1123102,"[[662 551]
 [890 544]
 [891 587]
 [663 594]]"
789,424886,1123102,"[[699 550]
 [881 550]
 [881 586]
 [699 586]]"
790,426116,1123101,"[[743 571]
 [986 571]
 [986 621]
 [743 621]]"
791,426116,1123101,"[[757 572]
 [983 576]
 [982 621]
 [755 617]]"
792,426116,1123101,"[[788 580]
 [971 580]
 [971 613]
 [788 613]]"
793,426117,1123103,"[[541 581]
 [760 581]
 [760 628]
 [541 628]]"
794,426117,1123103,"[[550 586]
 [756 588]
 [757 629]
 [550 627]]"
795,426117,1123103,"[[580 594]
 [747 594]
 [747 625]
 [580 625]]"
796,426118,1123102,"[[457 591]
 [688 591]
 [688 636]
 [457 636]]"
797,426118,1123102,"[[466 596]
 [687 597]
 [688 640]
 [467 640]]"
798,426118,1123102,"[[501 602]
 [677 602]
 [677 635]
 [501 635]]"
799,424766,1123101,"[[506 582]
 [777 582]
 [777 644]
 [506 644]]"
800,424766,1123101,"[[515 582]
 [773 595]
 [770 644]
 [512 631]]"
801,424766,1123101,"[[551 592]
 [758 592]
 [758 636]
 [551 636]]"
802,424767,1123103,"[[683 582]
 [917 582]
 [917 631]
 [683 631]]"
803,424767,1123103,"[[686 586]
 [912 583]
 [913 627]
 [688 630]]"
804,424767,1123103,"[[721 589]
 [903 589]
 [903 623]
 [721 623]]"
805,424768,1123102,"[[596 551]
 [834 551]
 [834 601]
 [596 601]]"
806,424768,1123102,"[[599 556]
 [829 552]
 [830 597]
 [600 601]]"
807,424768,1123102,"[[636 558]
 [819 558]
 [819 593]
 [636 593]]"
808,425486,1123101,"[[542 580]
 [767 580]
 [767 635]
 [542 635]]"
809,425486,1123101,"[[544 580]
 [769 593]
 [767 636]
 [542 622]]"
810,425486,1123101,"[[576 589]
 [758 589]
 [758 627]
 [576 627]]"
811,425488,1123103,"[[530 576]
 [741 576]
 [741 617]
 [530 617]]"
812,425488,1123103,"[[530 579]
 [741 578]
 [743 616]
 [532 617]]"
813,425488,1123103,"[[564 582]
 [734 582]
 [734 612]
 [564 612]]"
814,425489,1123102,"[[459 563]
 [679 563]
 [679 606]
 [459 606]]"
815,425489,1123102,"[[461 569]
 [677 564]
 [679 603]
 [462 608]]"
816,425489,1123102,"[[493 570]
 [669 570]
 [669 601]
 [493 601]]"
817,425659,1123101,"[[445 422]
 [667 422]
 [667 482]
 [445 482]]"
818,425659,1123101,"[[446 423]
 [668 440]
 [666 482]
 [444 465]]"
819,425659,1123101,"[[478 433]
 [656 433]
 [656 475]
 [478 475]]"
820,425660,1123103,"[[587 592]
 [825 592]
 [825 640]
 [587 640]]"
821,425660,1123103,"[[585 595]
 [823 595]
 [823 640]
 [585 640]]"
822,425660,1123103,"[[619 602]
 [814 602]
 [814 634]
 [619 634]]"
823,425661,1123102,"[[494 559]
 [735 559]
 [735 607]
 [494 607]]"
824,425661,1123102,"[[494 564]
 [732 562]
 [733 606]
 [496 608]]"
825,425661,1123102,"[[528 567]
 [724 567]
 [724 601]
 [528 601]]"
826,424042,1123101,"[[589 455]
 [779 455]
 [779 501]
 [589 501]]"
827,424042,1123101,"[[592 456]
 [778 466]
 [776 501]
 [590 491]]"
828,424042,1123101,"[[620 464]
 [768 464]
 [768 495]
 [620 495]]"
829,424044,1123103,"[[577 455]
 [777 455]
 [777 495]
 [577 495]]"
830,424044,1123103,"[[578 456]
 [774 457]
 [774 495]
 [578 493]]"
831,424044,1123103,"[[610 462]
 [767 462]
 [767 489]
 [610 489]]"
832,424045,1123102,"[[517 557]
 [755 557]
 [755 605]
 [517 605]]"
833,424045,1123102,"[[515 562]
 [754 559]
 [755 602]
 [515 606]]"
834,424045,1123102,"[[557 565]
 [742 565]
 [742 599]
 [557 599]]"
835,425421,1123101,"[[579 201]
 [720 201]
 [720 238]
 [579 238]]"
836,425421,1123101,"[[584 201]
 [715 211]
 [714 238]
 [583 227]]"
837,425421,1123101,"[[604 208]
 [709 208]
 [709 232]
 [604 232]]"
838,425422,1123103,"[[690 649]
 [951 649]
 [951 704]
 [690 704]]"
839,425422,1123103,"[[691 656]
 [942 651]
 [943 699]
 [692 704]]"
840,425422,1123103,"[[735 658]
 [931 658]
 [931 696]
 [735 696]]"
841,425423,1123102,"[[544 535]
 [789 535]
 [789 583]
 [544 583]]"
842,425423,1123102,"[[547 539]
 [782 537]
 [782 581]
 [547 584]]"
843,425423,1123102,"[[589 543]
 [771 543]
 [771 576]
 [589 576]]"
844,424425,1123101,"[[605 579]
 [872 579]
 [872 637]
 [605 637]]"
845,424425,1123101,"[[604 580]
 [871 588]
 [868 637]
 [601 628]]"
846,424425,1123101,"[[648 590]
 [855 590]
 [855 628]
 [648 628]]"
847,424426,1123103,"[[506 301]
 [667 301]
 [667 337]
 [506 337]]"
848,424426,1123103,"[[505 302]
 [663 304]
 [664 337]
 [506 335]]"
849,424426,1123103,"[[531 308]
 [657 308]
 [657 332]
 [531 332]]"
850,424427,1123102,"[[377 543]
 [620 543]
 [620 590]
 [377 590]]"
851,424427,1123102,"[[376 546]
 [614 545]
 [616 591]
 [378 592]]"
852,424427,1123102,"[[416 551]
 [608 551]
 [608 585]
 [416 585]]"
853,423769,1123101,"[[567 584]
 [836 584]
 [836 643]
 [567 643]]"
854,423769,1123101,"[[569 584]
 [833 594]
 [831 643]
 [567 634]]"
855,423769,1123101,"[[609 594]
 [819 594]
 [819 635]
 [609 635]]"
856,423770,1123103,"[[700 604]
 [954 604]
 [954 662]
 [700 662]]"
857,423770,1123103,"[[702 615]
 [948 609]
 [949 656]
 [703 662]]"
858,423770,1123103,"[[742 616]
 [938 616]
 [938 654]
 [742 654]]"
859,423771,1123102,"[[634 585]
 [890 585]
 [890 643]
 [634 643]]"
860,423771,1123102,"[[633 596]
 [884 587]
 [886 635]
 [634 644]]"
861,423771,1123102,"[[673 594]
 [875 594]
 [875 636]
 [673 636]]"
862,425322,1123101,"[[585 398]
 [751 398]
 [751 439]
 [585 439]]"
863,425322,1123101,"[[593 399]
 [748 408]
 [746 439]
 [591 429]]"
864,425322,1123101,"[[616 406]
 [738 406]
 [738 433]
 [616 433]]"
865,425324,1123103,"[[688 597]
 [919 597]
 [919 644]
 [688 644]]"
866,425324,1123103,"[[696 602]
 [911 598]
 [912 641]
 [696 644]]"
867,425324,1123103,"[[730 605]
 [901 605]
 [901 637]
 [730 637]]"
868,425326,1123102,"[[609 583]
 [846 583]
 [846 632]
 [609 632]]"
869,425326,1123102,"[[616 588]
 [843 585]
 [841 629]
 [613 632]]"
870,425326,1123102,"[[654 591]
 [828 591]
 [828 625]
 [654 625]]"
871,423968,1123101,"[[598 590]
 [843 590]
 [843 647]
 [598 647]]"
872,423968,1123101,"[[609 591]
 [837 600]
 [836 644]
 [608 635]]"
873,423968,1123101,"[[643 600]
 [824 600]
 [824 637]
 [643 637]]"
874,423969,1123103,"[[543 572]
 [767 572]
 [767 620]
 [543 620]]"
875,423969,1123103,"[[550 578]
 [762 577]
 [763 619]
 [550 620]]"
876,423969,1123103,"[[586 582]
 [749 582]
 [749 614]
 [586 614]]"
877,423972,1123102,"[[466 535]
 [692 535]
 [692 580]
 [466 580]]"
878,423972,1123102,"[[472 538]
 [685 537]
 [685 579]
 [473 581]]"
879,423972,1123102,"[[509 542]
 [672 542]
 [672 575]
 [509 575]]"
880,423273,1123101,"[[537 572]
 [796 572]
 [796 632]
 [537 632]]"
881,423273,1123101,"[[546 572]
 [790 585]
 [788 632]
 [543 619]]"
882,423273,1123101,"[[585 582]
 [776 582]
 [776 624]
 [585 624]]"
883,423274,1123103,"[[614 652]
 [877 652]
 [877 712]
 [614 712]]"
884,423274,1123103,"[[618 668]
 [871 656]
 [873 704]
 [620 715]]"
885,423274,1123103,"[[664 663]
 [858 663]
 [858 707]
 [664 707]]"
886,423275,1123102,"[[471 524]
 [712 524]
 [712 575]
 [471 575]]"
887,423275,1123102,"[[474 535]
 [706 528]
 [708 572]
 [476 579]]"
888,423275,1123102,"[[518 534]
 [694 534]
 [694 571]
 [518 571]]"
889,424201,1123101,"[[464 560]
 [706 560]
 [706 615]
 [464 615]]"
890,424201,1123101,"[[472 561]
 [698 571]
 [696 615]
 [470 604]]"
891,424201,1123101,"[[506 570]
 [688 570]
 [688 607]
 [506 607]]"
892,424203,1123103,"[[506 510]
 [713 510]
 [713 553]
 [506 553]]"
893,424203,1123103,"[[513 512]
 [704 513]
 [704 553]
 [513 551]]"
894,424203,1123103,"[[542 518]
 [698 518]
 [698 547]
 [542 547]]"
895,424204,1123102,"[[445 578]
 [682 578]
 [682 626]
 [445 626]]"
896,424204,1123102,"[[446 582]
 [677 580]
 [678 625]
 [447 627]]"
897,424204,1123102,"[[488 587]
 [665 587]
 [665 622]
 [488 622]]"
898,425300,1123101,"[[610 388]
 [826 388]
 [826 439]
 [610 439]]"
899,425300,1123101,"[[614 387]
 [823 399]
 [822 439]
 [612 427]]"
900,425300,1123101,"[[647 396]
 [811 396]
 [811 431]
 [647 431]]"
901,425301,1123103,"[[613 578]
 [856 578]
 [856 630]
 [613 630]]"
902,425301,1123103,"[[615 583]
 [851 580]
 [852 626]
 [616 629]]"
903,425301,1123103,"[[653 586]
 [842 586]
 [842 623]
 [653 623]]"
904,425302,1123102,"[[558 579]
 [814 579]
 [814 636]
 [558 636]]"
905,425302,1123102,"[[557 589]
 [814 581]
 [815 629]
 [558 637]]"
906,425302,1123102,"[[602 588]
 [800 588]
 [800 629]
 [602 629]]"
907,426046,1123101,"[[498 520]
 [750 520]
 [750 578]
 [498 578]]"
908,426046,1123101,"[[504 519]
 [745 532]
 [742 578]
 [501 566]]"
909,426046,1123101,"[[540 529]
 [732 529]
 [732 570]
 [540 570]]"
910,426047,1123101,"[[626 161]
 [751 161]
 [751 192]
 [626 192]]"
911,426047,1123101,"[[629 162]
 [747 168]
 [746 191]
 [628 185]]"
912,426047,1123101,"[[647 168]
 [741 168]
 [741 187]
 [647 187]]"
913,426048,1123103,"[[612 432]
 [810 432]
 [810 474]
 [612 474]]"
914,426048,1123103,"[[613 433]
 [802 437]
 [803 474]
 [614 470]]"
915,426048,1123103,"[[645 440]
 [795 440]
 [795 468]
 [645 468]]"
916,426049,1123102,"[[621 579]
 [866 579]
 [866 630]
 [621 630]]"
917,426049,1123102,"[[621 587]
 [859 582]
 [859 627]
 [621 632]]"
918,426049,1123102,"[[661 588]
 [849 588]
 [849 623]
 [661 623]]"
919,425740,1123101,"[[462 546]
 [685 546]
 [685 605]
 [462 605]]"
920,425740,1123101,"[[474 548]
 [674 563]
 [673 603]
 [472 589]]"
921,425740,1123101,"[[504 558]
 [664 558]
 [664 597]
 [504 597]]"
922,425741,1123103,"[[587 440]
 [776 440]
 [776 483]
 [587 483]]"
923,425741,1123103,"[[609 444]
 [770 447]
 [771 483]
 [610 479]]"
924,425741,1123103,"[[622 449]
 [759 449]
 [759 477]
 [622 477]]"
925,425743,1123102,"[[546 485]
 [761 485]
 [761 526]
 [546 526]]"
926,425743,1123102,"[[573 486]
 [755 488]
 [755 527]
 [573 525]]"
927,425743,1123102,"[[588 492]
 [740 492]
 [740 521]
 [588 521]]"
928,425441,1123101,"[[629 547]
 [866 547]
 [866 602]
 [629 602]]"
929,425441,1123101,"[[625 548]
 [871 558]
 [869 602]
 [623 593]]"
930,425441,1123101,"[[666 558]
 [856 558]
 [856 595]
 [666 595]]"
931,425442,1123103,"[[510 539]
 [718 539]
 [718 585]
 [510 585]]"
932,425442,1123103,"[[509 544]
 [716 547]
 [717 586]
 [509 583]]"
933,425442,1123103,"[[541 550]
 [708 550]
 [708 581]
 [541 581]]"
934,425443,1123102,"[[415 561]
 [640 561]
 [640 606]
 [415 606]]"
935,425443,1123102,"[[415 566]
 [639 567]
 [640 609]
 [416 608]]"
936,425443,1123102,"[[451 572]
 [631 572]
 [631 605]
 [451 605]]"
937,424437,1123101,"[[674 237]
 [830 237]
 [830 275]
 [674 275]]"
938,424437,1123101,"[[676 237]
 [832 247]
 [830 276]
 [674 266]]"
939,424437,1123101,"[[697 243]
 [825 243]
 [825 270]
 [697 270]]"
940,424438,1123103,"[[529 575]
 [764 575]
 [764 620]
 [529 620]]"
941,424438,1123103,"[[531 581]
 [762 579]
 [763 617]
 [532 620]]"
942,424438,1123103,"[[565 583]
 [755 583]
 [755 614]
 [565 614]]"
943,424439,1123102,"[[433 551]
 [674 551]
 [674 596]
 [433 596]]"
944,424439,1123102,"[[434 558]
 [672 555]
 [674 594]
 [436 597]]"
945,424439,1123102,"[[468 560]
 [664 560]
 [664 591]
 [468 591]]"
946,423277,1123101,"[[448 554]
 [707 554]
 [707 616]
 [448 616]]"
947,423277,1123101,"[[447 553]
 [706 567]
 [703 615]
 [443 601]]"
948,423277,1123101,"[[487 564]
 [693 564]
 [693 607]
 [487 607]]"
949,423278,1123103,"[[414 413]
 [608 413]
 [608 454]
 [414 454]]"
950,423278,1123103,"[[412 414]
 [602 415]
 [602 453]
 [413 452]]"
951,423278,1123103,"[[443 419]
 [597 419]
 [597 448]
 [443 448]]"
952,423279,1123102,"[[358 534]
 [602 534]
 [602 584]
 [358 584]]"
953,423279,1123102,"[[355 538]
 [597 535]
 [597 581]
 [355 583]]"
954,423279,1123102,"[[395 541]
 [588 541]
 [588 576]
 [395 576]]"
955,425637,1123101,"[[517 595]
 [730 595]
 [730 647]
 [517 647]]"
956,425637,1123101,"[[545 597]
 [723 606]
 [721 645]
 [543 637]]"
957,425637,1123101,"[[553 604]
 [715 604]
 [715 639]
 [553 639]]"
958,425638,1123103,"[[510 551]
 [740 551]
 [740 596]
 [510 596]]"
959,425638,1123103,"[[511 552]
 [731 552]
 [732 596]
 [513 596]]"
960,425638,1123103,"[[548 558]
 [725 558]
 [725 590]
 [548 590]]"
961,425639,1123102,"[[447 583]
 [699 583]
 [699 634]
 [447 634]]"
962,425639,1123102,"[[446 588]
 [694 586]
 [695 632]
 [447 634]]"
963,425639,1123102,"[[491 592]
 [682 592]
 [682 628]
 [491 628]]"
964,424627,1123101,"[[523 492]
 [772 492]
 [772 549]
 [523 549]]"
965,424627,1123101,"[[522 491]
 [770 505]
 [767 551]
 [518 538]]"
966,424627,1123101,"[[559 501]
 [757 501]
 [757 543]
 [559 543]]"
967,424628,1123103,"[[746 589]
 [980 589]
 [980 636]
 [746 636]]"
968,424628,1123103,"[[746 592]
 [977 591]
 [977 635]
 [746 636]]"
969,424628,1123103,"[[782 598]
 [968 598]
 [968 630]
 [782 630]]"
970,424629,1123102,"[[677 584]
 [921 584]
 [921 634]
 [677 634]]"
971,424629,1123102,"[[677 589]
 [919 587]
 [920 633]
 [679 635]]"
972,424629,1123102,"[[716 592]
 [910 592]
 [910 629]
 [716 629]]"
973,425720,1123101,"[[634 539]
 [907 539]
 [907 599]
 [634 599]]"
974,425720,1123101,"[[641 541]
 [904 550]
 [901 600]
 [638 591]]"
975,425720,1123101,"[[680 550]
 [891 550]
 [891 592]
 [680 592]]"
976,425721,1123103,"[[526 558]
 [758 558]
 [758 604]
 [526 604]]"
977,425721,1123103,"[[530 562]
 [753 561]
 [754 602]
 [530 603]]"
978,425721,1123103,"[[565 566]
 [745 566]
 [745 597]
 [565 597]]"
979,425722,1123102,"[[450 580]
 [701 580]
 [701 631]
 [450 631]]"
980,425722,1123102,"[[455 587]
 [695 582]
 [696 626]
 [456 631]]"
981,425722,1123102,"[[493 588]
 [687 588]
 [687 622]
 [493 622]]"
982,426328,1123101,"[[601 303]
 [773 303]
 [773 348]
 [601 348]]"
983,426328,1123101,"[[603 304]
 [774 315]
 [771 347]
 [601 336]]"
984,426328,1123101,"[[628 311]
 [764 311]
 [764 341]
 [628 341]]"
985,426329,1123103,"[[517 472]
 [727 472]
 [727 514]
 [517 514]]"
986,426329,1123103,"[[513 476]
 [724 477]
 [726 516]
 [515 515]]"
987,426329,1123103,"[[547 481]
 [718 481]
 [718 511]
 [547 511]]"
988,426330,1123102,"[[519 584]
 [776 584]
 [776 636]
 [519 636]]"
989,426330,1123102,"[[520 595]
 [776 588]
 [773 634]
 [517 640]]"
990,426330,1123102,"[[560 593]
 [764 593]
 [764 633]
 [560 633]]"
991,424660,1123101,"[[666 410]
 [859 410]
 [859 459]
 [666 459]]"
992,424660,1123101,"[[645 410]
 [861 419]
 [859 460]
 [642 450]]"
993,424660,1123101,"[[676 418]
 [850 418]
 [850 452]
 [676 452]]"
994,424661,1123103,"[[767 547]
 [970 547]
 [970 594]
 [767 594]]"
995,424661,1123103,"[[745 550]
 [969 549]
 [970 592]
 [746 593]]"
996,424661,1123103,"[[780 555]
 [962 555]
 [962 586]
 [780 586]]"
997,424663,1123102,"[[697 591]
 [921 591]
 [921 642]
 [697 642]]"
998,424663,1123102,"[[674 596]
 [919 592]
 [920 638]
 [674 641]]"
999,424663,1123102,"[[711 598]
 [910 598]
 [910 635]
 [711 635]]"
1000,425230,1123101,"[[554 581]
 [784 581]
 [784 636]
 [554 636]]"
